,Id,Inactive,Calories,Distance,Avg_speed,Max_speed,Min_speed,Step_count,Weight,Height,Move_m_count,Walk,bmi,bmi_cdn
0,U001,71021475.01,846.6843633,2490.926869,0.550139352,1.7289389,0.260103583,4454.877637,50,160.5,67,Ver Low,19.53125,Normal
1,U001,71021475.01,1272,2490.926869,0.550139352,1.7289389,0.260103583,4454.877637,50,160.5,67,Ver Low,19.53125,Normal
2,U001,71021475.01,1272,2490.926869,0.550139352,1.7289389,0.260103583,4454.877637,50,160.5,67,Ver Low,19.53125,Normal
3,U001,71021475.01,1272,2490.926869,0.550139352,1.7289389,0.260103583,4454.877637,50,160.5,67,Ver Low,19.53125,Normal
4,U001,56826040,1271.999966,8.67012018,0.550139352,1.7289389,0.260103583,203,50,160.5,67,Ver Low,19.53125,Normal
5,U001,76206723,1410.393548,8075.997432,1.077930066,1.318049431,0.810962443,3588,50,160.5,57,Normal,19.53125,Normal
6,U001,76002983,1446.571885,5826.613619,0.681412274,12.46642494,0.26026693,6443,50,160.5,77,Normal,19.53125,Normal
7,U001,74619833,1441.140679,3253.466441,0.720912545,1.504765391,0.149905741,5820,50,160.5,68,Below Normal,19.53125,Normal
8,U001,77359904,1401.878797,3285.126677,0.616947805,1.274850368,0.279370517,5507,50,160.5,58,Below Normal,19.53125,Normal
9,U001,76864427,1371.694567,2165.573906,0.706641624,1.389793158,0.252904385,4114,50,160.5,51,Ver Low,19.53125,Normal
10,U001,85505923,1274.288264,39.30454409,0.319830656,0.379557729,0.260103583,278,50,160.5,,Ver Low,19.53125,Normal
11,U001,84019390,1414.055702,3877.165492,2.553698492,1.812729359,0.262402922,220,50,160.5,13,Below Normal,19.53125,Normal
12,U001,75278487,1456.200303,3373.362824,0.550139352,1.376852989,0.011536549,6102,50,160.5,76,Below Normal,19.53125,Normal
13,U001,76979516,1376.109631,2627.356552,0.515775299,1.905201316,0.125961557,4495,50,160.5,47,Ver Low,19.53125,Normal
14,U001,74239958,1457.464011,4408.334936,0.656868213,1.256000042,0.260103583,7262,50,160.5,78,Below Normal,19.53125,Normal
15,U001,3906103,1750.651531,2490.926869,0.550139352,1.7289389,0.260103583,4454.877637,50,160.5,,Ver Low,19.53125,Normal
16,U002,71021475.01,1142.999,473.26004,0.720912545,1.274850368,0.149905741,1383,47.5,165,56,Ver Low,17.26354454,Under Weight
17,U002,74619833,1329.3,1563.8301,0.616947805,1.389793158,0.260103583,4646,47.5,165,87,Ver Low,17.26354454,Under Weight
18,U002,77359904,1414.055702,1190.0201,0.706641624,0.379557729,0.252904385,3610,47.5,165,56,Ver Low,17.26354454,Under Weight
19,U002,76864427,1329.3,1239.49,0.319830656,1.812729359,0.260103583,3636,47.5,165,45,Ver Low,17.26354454,Under Weight
20,U002,85505923,1091.09985,1234.6602,0.720912545,1.274850368,0.262402922,3779,47.5,165,34,Ver Low,17.26354454,Under Weight
21,U002,84019390,1484.56,100.03999,0.616947805,1.389793158,0.011536549,3610,47.5,165,76,Ver Low,17.26354454,Under Weight
22,U002,75278487,2029.998,221.34,0.706641624,0.379557729,0.125961557,343,47.5,165,67,Ver Low,17.26354454,Under Weight
23,U002,76979516,2092.9998,806.51,0.319830656,1.812729359,0.260103583,721,47.5,165,23,Ver Low,17.26354454,Under Weight
24,U002,80099808.29,1645.999,1186.96,0.720912545,1.376852989,0.011536549,2510,47.5,165,12,Ver Low,17.26354454,Under Weight
25,U002,80459493.21,1432.3999,1748.63,0.616947805,1.274850368,0.125961557,3479,47.5,165,43,Ver Low,17.26354454,Under Weight
26,U002,80819178.14,1966.4998,1516.0599,0.706641624,1.389793158,0.260103583,4874,47.5,165,68,Ver Low,17.26354454,Under Weight
27,U002,81178863.07,1744.3999,1748.63,0.319830656,0.379557729,0.011536549,4287,47.5,165,57,Ver Low,17.26354454,Under Weight
28,U002,76979516,1645.999,1186.96,0.720912545,1.812729359,0.125961557,2510,47.5,165,53,Ver Low,17.26354454,Under Weight
29,U002,80099808.29,1432.3999,1748.63,0.616947805,1.376852989,0.260103583,3479,47.5,165,98,Ver Low,17.26354454,Under Weight
30,U003,71021475.01,1471.2525,9.407762,1.077675,0.260103583,0.616947805,13,55,165.5,13,Ver Low,20.2020202,Normal
31,U003,71021475.01,1471.2525,9.407762,1.077675,0.262402922,0.706641624,13,55,165.5,13,Ver Low,20.2020202,Normal
32,U003,71021475.01,1937.464,8603.74,1.461767,0.011536549,0.319830656,11101,55,165.5,50,Normal,20.2020202,Normal
33,U003,854567923,1937.464,8603.74,1.9444447,0.125961557,0.720912545,11101,55,165.5,50,Normal,20.2020202,Normal
34,U003,84765390,2404.223,5284.876,1.4850761,0.260103583,0.616947805,6838,55,165.5,88,Normal,20.2020202,Normal
35,U003,768278487,2404.223,5284.876,1.0509615,0.011536549,0.706641624,6838,55,165.5,38,Normal,20.2020202,Normal
36,U003,55679516,2333.0115,5077.9663,1.4220364,0.125961557,0.319830656,6616,55,165.5,39,Normal,20.2020202,Normal
37,U003,898769808.3,2333.0115,5077.9663,1.7577,0.260103583,0.720912545,6616,55,165.5,16,Normal,20.2020202,Normal
38,U003,678959493.2,1291.633,2787.6172,1.365155,0.260103583,0.616947805,3669,55,165.5,69,Ver Low,20.2020202,Normal
39,U003,4567,1291.633,2787.6172,1.0384552,0.262402922,0.706641624,3669,55,165.5,69,Ver Low,20.2020202,Normal
40,U003,81172343.07,2880.256,5898.2476,1.5082974,0.011536549,0.319830656,7410,55,165.5,80,Normal,20.2020202,Normal
41,U003,71021475.01,2880.256,5898.2476,1.075262,0.125961557,0.011536549,7410,55,165.5,10,Normal,20.2020202,Normal
42,U003,71021475.01,2001.867,4388.425,1.5550431,0.260103583,0.125961557,5554,55,165.5,54,Below Normal,20.2020202,Normal
43,U003,71021475.01,2001.867,4388.425,1.7485077,0.011536549,0.260103583,5554,55,165.5,54,Below Normal,20.2020202,Normal
44,U003,71021475.01,1066.5253,6620.2734,1.3949687,0.125961557,0.011536549,8671,55,165.5,71,Normal,20.2020202,Normal
45,U003,71021475.01,1066.5253,6620.2734,1.1305213,0.260103583,0.260103583,8671,55,165.5,71,Normal,20.2020202,Normal
46,U003,71021475.01,1996.8677,2178.3672,1.4481249,1.5082974,0.260103583,2823,55,165.5,23,Ver Low,20.2020202,Normal
47,U004,71021475.01,1244.686021,2490.926869,0.550139352,1.7289389,0.260103583,4454.877637,53,160.2,,Ver Low,20.703125,Normal
48,U004,71021475.01,1327,2490.926869,0.550139352,1.7289389,0.260103583,4454.877637,53,160.2,67,Ver Low,20.703125,Normal
49,U004,71021475.01,1327,2490.926869,0.550139352,1.7289389,0.260103583,4454.877637,53,160.2,,Ver Low,20.703125,Normal
50,U004,71021475.01,1327,2490.926869,0.550139352,1.7289389,0.260103583,4454.877637,53,160.2,90,Ver Low,20.703125,Normal
51,U004,71021475.01,1327,2490.926869,0.550139352,1.7289389,0.260103583,4454.877637,53,160.2,,Ver Low,20.703125,Normal
52,U004,71021475.01,1327,2490.926869,0.550139352,1.7289389,0.260103583,4454.877637,53,160.2,56,Ver Low,20.703125,Normal
53,U004,71021475.01,1327,2490.926869,0.550139352,1.7289389,0.260103583,4454.877637,53,160.2,,Ver Low,20.703125,Normal
54,U004,80968416,1326.999908,2490.926869,0.550139352,1.7289389,0.260103583,611,53,160.2,65,Ver Low,20.703125,Normal
55,U004,82526047,1372.353414,175.1739178,0.319585933,0.739711344,0.263876736,2778,53,160.2,,Ver Low,20.703125,Normal
56,U004,86262347,1332.586739,33.76335669,0.460614592,0.460614592,0.460614592,1168,53,160.2,76,Ver Low,20.703125,Normal
57,U004,86400000,1326.999959,2490.926869,0.550139352,1.7289389,0.260103583,2555,53,160.2,78,Ver Low,20.703125,Normal
58,U004,84280333,1416.097181,842.3569894,0.772400731,1.262131929,0.363349915,2340,53,160.2,90,Ver Low,20.703125,Normal
59,U004,85053675,1377.545693,130.9320431,0.345332692,0.478516549,0.342225969,1843,53,160.2,45,Ver Low,20.703125,Normal
60,U004,86143828,1337.396866,90.87520599,0.466873476,0.644172192,0.289576173,1198,53,160.2,,Ver Low,20.703125,Normal
61,U004,82620000,1480.413705,1988,0.304218035,0.652272701,0,3371,53,160.2,,Ver Low,20.703125,Normal
62,U004,82698311,1479.78273,796.8736048,0.387560813,1.433974743,0.28908959,3082,53,160.2,34,Ver Low,20.703125,Normal
63,U004,27811690,427.1540679,2490.926869,0.550139352,1.7289389,0.260103583,487,53,160.2,,Ver Low,20.703125,Normal
64,U004,71021475.01,1414.055702,9.714566929,0.000492,0.000492,0.000492,15,53,160.2,76,Ver Low,20.703125,Normal
65,U004,71021475.01,1414.055702,5.285433071,0.550139352,1.7289389,0.260103583,8,53,160.2,56,Ver Low,20.703125,Normal
66,U004,71021475.01,1414.055702,3113.728963,0.550139352,1.7289389,0.260103583,0,53,160.2,78,Below Normal,20.703125,Normal
67,U004,71021475.01,1414.055702,3126.134258,0,0,0,0,53,160.2,,Below Normal,20.703125,Normal
68,U004,71021475.01,1153.887428,2490.926869,0.550139352,1.7289389,0.260103583,4454.877637,53,160.2,,Ver Low,20.703125,Normal
69,U004,71021475.01,1326.999908,2490.926869,0.550139352,1.7289389,0.260103583,4454.877637,53,160.2,,Ver Low,20.703125,Normal
70,U004,70958119,1496.268316,1971.081476,0.570557419,1.340386152,0.298931569,3362,53,160.2,32,Ver Low,20.703125,Normal
71,U004,74485823,1583.459457,2243.246284,1.182226397,9.449999809,0.269038439,4313,53,160.2,47,Ver Low,20.703125,Normal
72,U004,85140222,1354.757642,163.2166529,0.524587748,0.726296306,0.298931599,745,53,160.2,11,Ver Low,20.703125,Normal
73,U004,77467342,1524.280018,3570.97724,0.663455958,1.78232038,0.265879422,6515,53,160.2,77,Below Normal,20.703125,Normal
74,U004,38695669,908.6477381,1124.941002,0.581145414,1.909999967,0.296513885,2350,53,160.2,29,Ver Low,20.703125,Normal
75,U004,71021475.01,1145.151701,2490.926869,0.550139352,1.7289389,0.260103583,5146,53,160.2,74,Ver Low,20.703125,Normal
76,U004,71021475.01,1327,2490.926869,0.550139352,1.7289389,0.260103583,7777,53,160.2,113,Ver Low,20.703125,Normal
77,U004,71021475.01,256.1070046,1411.430959,1.015616117,1.364352822,0.526269019,3646,53,160.2,41,Ver Low,20.703125,Normal
78,U004,71021475.01,1414.055702,2490.926869,0.550139352,1.7289389,0.260103583,4641,53,160.2,73,Ver Low,20.703125,Normal
79,U004,71021475.01,1414.055702,2490.926869,0.550139352,1.7289389,0.260103583,8161,53,160.2,121,Ver Low,20.703125,Normal
80,U004,71021475.01,1414.055702,2490.926869,0.550139352,1.7289389,0.260103583,4384,53,160.2,63,Ver Low,20.703125,Normal
81,U004,71021475.01,1414.055702,2490.926869,0.550139352,1.7289389,0.260103583,1038,53,160.2,14,Ver Low,20.703125,Normal
82,U004,71021475.01,1160.316206,2490.926869,0.550139352,1.7289389,0.260103583,3639,53,160.2,48,Ver Low,20.703125,Normal
83,U004,71021475.01,1327,2490.926869,0.550139352,1.7289389,0.260103583,428,53,160.2,1,Ver Low,20.703125,Normal
84,U004,71021475.01,1444.584233,2612.456281,1.096342706,4.652984142,0.507477045,5455,53,160.2,61,Ver Low,20.703125,Normal
85,U004,71021475.01,266.30851,1293.909367,0.415164873,5.898983002,0.259074032,2216,53,160.2,21,Ver Low,20.703125,Normal
86,U004,71021475.01,1414.055702,2746.588238,0.465434511,1.444050431,0.252451062,5178,53,160.2,72,Ver Low,20.703125,Normal
87,U004,71021475.01,1245.018352,2167.308806,0.545268162,1.21778214,0.269038439,4047,53,160.2,60,Ver Low,20.703125,Normal
88,U004,71021475.01,1327,1844.444551,0.373681738,1.119924426,0.259074032,3350,53,160.2,53,Ver Low,20.703125,Normal
89,U004,71021475.01,1295.38169,4700.665994,0.453810512,1.291945815,0.253860831,7955,53,160.2,104,Below Normal,20.703125,Normal
90,U004,71021475.01,1327,5118.306365,0.560200958,1.127033949,0.257841706,9066,53,160.2,122,Normal,20.703125,Normal
91,U004,1142120,1444.390633,2962.984694,0.503052302,1.785368085,0.264700562,5137,53,160.2,54,Ver Low,20.703125,Normal
92,U004,14807,1414.609901,1881.967378,0.570983639,1.886980653,0.288967192,2960,53,160.2,32,Ver Low,20.703125,Normal
93,U004,71021475.01,1327.000006,3340.190983,0.576962596,1.267996669,0.259074032,6021,53,160.2,89,Below Normal,20.703125,Normal
94,U004,69239865,1669.356516,5795.988688,0.736342184,17.18424225,0.188147545,9627,53,160.2,133,Normal,20.703125,Normal
95,U005,76409217,1510.412948,3021.983846,0.67342037,7.831314087,0.259074032,5311,55,160.2,78,Below Normal,21.484375,Normal
96,U005,75676725,1579.014021,3882.40216,0.607720844,1.511836767,0.267594606,6967,55,160.2,103,Below Normal,21.484375,Normal
97,U005,76971872,1514.178609,3000.349797,0.615903754,1.203049779,0.104344793,5379,55,160.2,73,Below Normal,21.484375,Normal
98,U005,79490231,1404.325028,644.9064293,1.12822798,33,0.259074032,1229,55,160.2,15,Ver Low,21.484375,Normal
99,U005,77699223,1524.488571,3990.872802,0.540292516,4.123856068,0.170320332,4810,55,160.2,68,Below Normal,21.484375,Normal
100,U005,75656105,1536.884917,3164.72454,0.758764065,25.04688263,0.248069301,5330,55,160.2,81,Below Normal,21.484375,Normal
101,U005,62005932,1433.803572,1643.904785,3.062913751,28.66440964,0.185708597,2652,55,160.2,34,Ver Low,21.484375,Normal
102,U005,70914714,1727.176259,6190.589224,0.75982941,18.73336983,0.269038439,10895,55,160.2,155,Normal,21.484375,Normal
103,U005,81598227,1417.259779,1123.39302,0.546214267,3.904157877,0.269038439,1772,55,160.2,26,Ver Low,21.484375,Normal
104,U005,72436327,1519.925838,2639.863439,0.554178532,1.37972331,0.259074032,4607,55,160.2,66,Ver Low,21.484375,Normal
105,U005,85148382,1335.345852,226.1413684,0.492755219,0.745224357,0.259074032,542,55,160.2,4,Ver Low,21.484375,Normal
106,U005,76313737,1613.875221,4332.091758,0.643516684,5.932891846,0.186513349,7198,55,160.2,108,Below Normal,21.484375,Normal
107,U005,72074379,1615.162313,3884.632165,0.550139352,2.516521215,0.252065033,6787,55,160.2,100,Below Normal,21.484375,Normal
108,U005,77544093,1569.443795,3591.009165,0.412460026,1.413897395,0,6279,55,160.2,86,Below Normal,21.484375,Normal
109,U005,76731112,1556.116324,3682.197435,0.940871716,10.62787628,0,6139,55,160.2,78,Below Normal,21.484375,Normal
110,U005,79799751,1454.100665,2780.572026,0.641335958,1.248143911,0.277766407,4463,55,160.2,54,Ver Low,21.484375,Normal
111,U005,68399361,1539.176941,3223.034104,0.442264527,1.114294052,0.25926128,5874,55,160.2,92,Below Normal,21.484375,Normal
112,U005,67565465,1567.565089,4303.092896,0.509922047,1.313515425,0.259074032,7325,55,160.2,98,Below Normal,21.484375,Normal
113,U005,78266205,1501.534734,2408.119194,0.538636313,1.848542571,0.250556588,4429,55,160.2,64,Ver Low,21.484375,Normal
114,U005,71631615,1690.088582,5967.409305,0.510858294,1.325935841,0.233427688,10151,55,160.2,146,Normal,21.484375,Normal
115,U005,68036474,1795.719102,7887.447289,0.5200255,1.401484132,0.229573593,12979,55,160.2,174,Normal,21.484375,Normal
116,U005,72913510,1717.9259,6612.564906,0.531900079,1.440314651,0.168482915,11344,55,160.2,167,Normal,21.484375,Normal
117,U005,70353866,1727.355338,6355.528054,0.486943688,1.387522817,0,11034,55,160.2,153,Normal,21.484375,Normal
118,U005,74399901,1726.944114,6682.740736,0.591531825,1.431141376,0.084487915,10766,55,160.2,140,Normal,21.484375,Normal
119,U005,83349670,1425.178632,1951.896326,0.357598354,1.175702691,0.282324463,3285,55,160.2,37,Ver Low,21.484375,Normal
120,U005,70879330,1747.35468,6368.892648,0.482522861,1.232894301,0.255383551,10716,55,160.2,155,Normal,21.484375,Normal
121,U005,73938619,1669.816752,6457.071826,0.53045905,1.25294137,0.254337549,10675,55,160.2,151,Normal,21.484375,Normal
122,U005,70323769,1815.134348,8689.955766,0.53507734,2.518103123,0.269038439,14082,55,160.2,181,Normal,21.484375,Normal
123,U005,73801653,1634.96648,4406.853471,0.499379583,3.180984497,0.178461507,7041,55,160.2,102,Below Normal,21.484375,Normal
124,U005,73672088,1708.489275,4069.459703,0.476638564,2.752707243,0.152927548,7437,55,160.2,110,Below Normal,21.484375,Normal
125,U005,71651720,1739.653076,5796.581416,0.493248498,1.204084396,0.259074032,10120,55,160.2,160,Normal,21.484375,Normal
126,U005,75992331,1514.912874,10093.69599,0.831140429,12.79405308,0.259074032,2991,55,160.2,57,Good,21.484375,Normal
127,U005,69866399,1840.76544,8423.312043,0.570749684,1.589615703,0.026861116,14460,55,160.2,195,Normal,21.484375,Normal
128,U005,73968900,1658.456833,4241.06416,0.539844577,14.31999969,0.056629021,6657,55,160.2,105,Below Normal,21.484375,Normal
129,U005,72776472,1826.43779,7082.835285,0.513109695,4.514125347,0.08757969,10371,55,160.2,166,Normal,21.484375,Normal
130,U005,68771922,1874.980184,5780.940288,0.554288714,2.076209784,0.063913919,9782,55,160.2,161,Normal,21.484375,Normal
131,U005,66769088,1587.64885,4989.575289,0.620011774,26.61294365,0.167327657,8300,55,160.2,124,Below Normal,21.484375,Normal
132,U005,78865262,1547.51098,2691.523346,0.483001015,1.172706962,0.259074032,4756,55,160.2,77,Ver Low,21.484375,Normal
133,U006,71981641,1532.122784,2830.317723,0.419185219,1.585582495,0.177289128,5002,51,160.2,69,Ver Low,19.921875,Normal
134,U006,70937244,1711.333785,6067.869998,0.729706343,16.69119453,0.051716365,10677,51,160.2,154,Normal,19.921875,Normal
135,U006,78830173,1478.932673,2467.895937,0.515064138,3.070230007,0.249032125,4550,51,160.2,72,Ver Low,19.921875,Normal
136,U006,70862870,1802.294664,7352.175404,0.504982285,3.082880735,0.087671809,12541,51,160.2,192,Normal,19.921875,Normal
137,U006,70916690,1642.429712,4022.754819,0.563540102,4.045106888,0.18636784,7043,51,160.2,110,Below Normal,19.921875,Normal
138,U006,71408908,1668.744953,4237.685924,0.56424135,2.757237673,0,7537,51,160.2,113,Below Normal,19.921875,Normal
139,U006,54380908,2010.302944,10239.28486,0.563471416,3.966701984,0.087514095,16228,51,160.2,243,Good,19.921875,Normal
140,U006,84037337,1354.850125,373.839426,0.331902615,9.019534111,0.288967192,617,51,160.2,6,Ver Low,19.921875,Normal
141,U006,84609090,1331.879474,358.095222,0.616015192,2.950375795,0.269038439,794,51,160.2,6,Ver Low,19.921875,Normal
142,U006,79362657,1411.799307,682.9987469,0.848355971,2.807053328,0.259074032,1527,51,160.2,16,Ver Low,19.921875,Normal
143,U006,79157753,1551.712583,4317.141385,0.524529646,1.810350537,0.279002815,7096,51,160.2,84,Below Normal,19.921875,Normal
144,U006,81900738,1479.144101,2921.304097,0.349020899,1.222315788,0.279002815,4902,51,160.2,56,Ver Low,19.921875,Normal
145,U006,76322009,1542.955521,4282.792947,0.858104972,15.00280762,0.157021657,5163,51,160.2,68,Below Normal,19.921875,Normal
146,U006,63562332,1462.86853,1482.963558,4.028091664,31.41219711,0.052681543,2663,51,160.2,34,Ver Low,19.921875,Normal
147,U006,68196088,1351.334205,93.26665783,0.302396775,0.323714525,0.259074032,419,51,160.2,1,Ver Low,19.921875,Normal
148,U006,73108977,1399.605334,870.4876471,0.644615467,3.345108986,0.259074032,1527,51,160.2,23,Ver Low,19.921875,Normal
149,U006,85064712,1326.99998,25.11025429,0.34095411,0.382976651,0.298931569,132,51,160.2,,Ver Low,19.921875,Normal
150,U006,59974310,1370.991251,410.0008595,5.244160524,24.00408554,0.174557939,818,51,160.2,12,Ver Low,19.921875,Normal
151,U006,85039462,1359.690561,85.49443722,0.373245083,0.45112896,0.298931569,301,51,160.2,2,Ver Low,19.921875,Normal
152,U006,72300605,1580.056344,3719.895585,0.585912147,1.328320026,0.269038439,6301,51,160.2,95,Below Normal,19.921875,Normal
153,U006,73739158,1615.148048,5339.860174,0.595379864,17.65165901,0.249501333,8879,51,160.2,112,Normal,19.921875,Normal
154,U006,64568985,1823.786926,8171.15162,1.325769138,19.10567093,0.10059756,12833,51,160.2,171,Normal,19.921875,Normal
155,U006,65555684,1573.613843,3109.666367,0.420346505,1.177856922,0.269038439,5643,51,160.2,74,Below Normal,19.921875,Normal
156,U006,77917957,1463.230678,1823.88574,1.021211527,9.318531036,0.225005671,3142,51,160.2,40,Ver Low,19.921875,Normal
157,U006,76180494,1584.205991,3892.561536,0.698601829,1.567833424,0.259074032,6780,51,160.2,88,Below Normal,19.921875,Normal
158,U006,76312592,1598.957584,4554.023468,0.515348712,1.534602046,0.047285557,7714,51,160.2,102,Below Normal,19.921875,Normal
159,U006,73868030,1680.591815,6312.618607,0.526225387,7.183359623,0.259074032,10099,51,160.2,133,Normal,19.921875,Normal
160,U006,77028675,1595.290429,4433.886987,0.551270525,2.802303076,0.259074032,7425,51,160.2,90,Below Normal,19.921875,Normal
161,U006,71653507,1500.002385,2418.419207,0.909235504,16.74695015,0.07797309,3839,51,160.2,56,Ver Low,19.921875,Normal
162,U006,77280242,1591.15371,4922.375556,1.087029037,18,0.269038439,7884,51,160.2,106,Below Normal,19.921875,Normal
163,U006,76027802,1588.998863,5060.801648,1.102404523,4.0096488,0.144952819,6924,51,160.2,86,Normal,19.921875,Normal
164,U006,81022518,1489.489303,3478.231856,0.489080425,2.207773685,0.259074032,5692,51,160.2,61,Below Normal,19.921875,Normal
165,U006,83448327,1413.475093,2161.552313,0.666199652,2.236261606,0.259074032,3525,51,160.2,36,Ver Low,19.921875,Normal
166,U006,81411154,1515.730674,4105.416902,0.837143848,1.495912194,0.298931569,6623,51,160.2,76,Below Normal,19.921875,Normal
167,U006,85099585,1355.694569,191.4671373,0.368316224,1.079364061,0.298931569,456,51,160.2,5,Ver Low,19.921875,Normal
168,U006,81499531,1448.285637,1625.389211,0.391201732,1.30056715,0.298931569,2831,51,160.2,33,Ver Low,19.921875,Normal
169,U006,66902722,1798.833933,6559.640615,0.635099039,3.567181587,0.052965552,11156,51,160.2,148,Normal,19.921875,Normal
170,U006,72156247,1688.781371,5197.080925,0.441222343,1.81672132,0.037262063,8969,51,160.2,110,Normal,19.921875,Normal
171,U006,75987837,1617.168123,4585.646047,0.563222337,6.384942055,0.193145484,7684,51,160.2,119,Below Normal,19.921875,Normal
172,U006,55473106,1388.49619,626.1080282,3.838635004,29.42779732,0,1158,51,160.2,15,Ver Low,19.921875,Normal
173,U006,81090091,1413.501503,1587.900641,0.996770918,18.0051403,0.061459322,2183,51,160.2,27,Ver Low,19.921875,Normal
174,U006,79070523,1438.964897,1796.552992,0.547307662,8.711369514,0.095507413,3007,51,160.2,37,Ver Low,19.921875,Normal
175,U006,55845192,1562.488365,3490.34832,0.882416489,17.60689163,0.033767965,5928,51,160.2,84,Below Normal,19.921875,Normal
176,U006,71567155,1827.554765,8111.258668,0.577261967,1.617033362,0.182840377,14071,51,160.2,181,Normal,19.921875,Normal
177,U006,76044558,1588.017914,4506.357925,0.447264579,1.344544768,0.256590426,7535,51,160.2,98,Below Normal,19.921875,Normal
178,U006,75772574,1620.180413,5054.620504,0.571895855,3.550269127,0.259074032,8119,51,160.2,106,Normal,19.921875,Normal
179,U006,76121923,1599.72572,5062.474913,0.747123027,1.627435684,0.264705807,7837,51,160.2,99,Normal,19.921875,Normal
180,U006,56805339,1351.166393,107.3986003,12.83116711,31.42045784,0.277962506,412,51,160.2,3,Ver Low,19.921875,Normal
181,U006,85882974,1333.671782,136.0074372,0.46183829,0.835405707,0.269038439,476,51,160.2,2,Ver Low,19.921875,Normal
182,U006,24326753,398.9508035,180.285347,2.80239709,12.64308643,0.298931569,367,51,160.2,6,Ver Low,19.921875,Normal
183,U007,79009415,1408.431315,8096.800172,0.954199095,12.174613,0.138921887,3873,50,160.5,53,Normal,19.53125,Normal
184,U007,85388662,1276.159248,19.07426387,0.311369032,0.311369032,0.311369032,268,50,160.5,1,Ver Low,19.53125,Normal
185,U007,76928595,1379.266664,2631.896288,0.902412173,3.449268341,0.158700675,4255,50,160.5,45,Ver Low,19.53125,Normal
186,U007,75794409,1456.353738,8316.916859,0.827167148,14.69940758,0.250470102,6503,50,160.5,95,Normal,19.53125,Normal
187,U007,73308317,1523.897426,5221.114955,0.47562389,1.850368857,0.250470102,8973,50,160.5,105,Normal,19.53125,Normal
188,U007,73614186,1554.310982,10226.2228,0.723071195,8.269710541,0.095257469,8324,50,160.5,121,Good,19.53125,Normal
189,U007,63268791,1478.113878,7918.117187,0.616186632,9.750802994,0.260103583,6781,50,160.5,96,Normal,19.53125,Normal
190,U007,86400000,1271.999992,2490.926869,0.550139352,1.7289389,0.260103583,114,50,160.5,,Ver Low,19.53125,Normal
191,U007,86400000,1271.999955,9.826135635,0.251410067,0.251410067,0.251410067,149,50,160.5,,Ver Low,19.53125,Normal
192,U007,75623285,1511.084562,13072.14207,0.816590865,18.9033947,0.160229042,6587,50,160.5,103,Good,19.53125,Normal
193,U007,71387756,1556.287737,14329.69976,0.779576468,14.08966541,0.19930011,9368,50,160.5,134,Good,19.53125,Normal
194,U007,73734253,1530.59652,4991.6473,0.569346394,1.76199007,0.250470102,8788,50,160.5,104,Below Normal,19.53125,Normal
195,U007,77778097,1496.971801,11612.13646,1.194971585,16.41493797,0.249381199,6516,50,160.5,98,Good,19.53125,Normal
196,U007,74224771,1507.923634,8740.478039,0.724418104,8.484917641,0.260103583,8218,50,160.5,107,Normal,19.53125,Normal
197,U007,77303313,1516.966611,17387.4918,1.48498086,31.72762489,0.269737035,5114,50,160.5,105,Good,19.53125,Normal
198,U007,83216212,1271.999985,11.91321546,0.550139352,1.7289389,0.260103583,168,50,160.5,,Ver Low,19.53125,Normal
199,U007,76771329,1405.43939,3152.081163,0.699385307,1.3925488,0.267819852,5349,50,160.5,56,Below Normal,19.53125,Normal
200,U007,75961373,1486.156712,13144.52255,0.724445445,10.79964161,0.206272766,5789,50,160.5,100,Good,19.53125,Normal
201,U007,78160476,1352.02808,2151.799602,0.813224273,12.68657017,0.26128158,3767,50,160.5,37,Ver Low,19.53125,Normal
202,U007,74237286,1397.629787,3364.784518,0.635548737,1.409774065,0.250470102,6042,50,160.5,67,Below Normal,19.53125,Normal
203,U007,77202139,1369.710186,2750.390385,0.47103973,1.460952282,0.250470102,4972,50,160.5,58,Ver Low,19.53125,Normal
204,U007,78018399,1432.299998,2886.5523,0.464242385,1.114664555,0.250470102,5725,50,160.5,64,Ver Low,19.53125,Normal
205,U007,12280855,180.8014634,2490.926869,0.550139352,1.64214,0.260103583,5,50,160.5,5,Ver Low,19.53125,Normal
206,U008,131819,10.903642,216.46611,0.259074032,3.1177893,0.419185219,242,58,170,5,Ver Low,20.06920415,Normal
207,U008,131813,10.903642,216.46611,0.259074032,1.6910666,0.729706343,242,58,170,33,Ver Low,20.06920415,Normal
208,U008,555218,47.44924,938.9122,0.07797309,4.408994,0.515064138,1022,58,170,33,Ver Low,20.06920415,Normal
209,U008,555193,47.44924,938.9122,0.269038439,1.484242,0.504982285,1022,58,170,4,Ver Low,20.06920415,Normal
210,U008,232951,16.612617,345.75635,0.144952819,2.2966175,0.563540102,415,58,170,4,Ver Low,20.06920415,Normal
211,U008,232939,16.612617,345.75635,0.259074032,1.6561527,0.56424135,415,58,170,36,Ver Low,20.06920415,Normal
212,U008,381225,30.587845,631.36755,0.259074032,3.6214437,0.563471416,721,58,170,36,Ver Low,20.06920415,Normal
213,U008,381202,30.587845,631.36755,0.298931569,1.9549345,0.331902615,721,58,170,224,Ver Low,20.06920415,Normal
214,U008,1285955,123.88017,2513.9578,0.298931569,5.5419307,0.616015192,2570,58,170,224,Ver Low,20.06920415,Normal
215,U008,1285896,123.88017,2513.9578,0.298931569,1.6054335,0.848355971,2570,58,170,4,Ver Low,20.06920415,Normal
216,U008,470386,34.686035,755.17365,0.052965552,3.6030998,0.524529646,905,58,170,4,Ver Low,20.06920415,Normal
217,U008,470360,34.686035,755.17365,0.037262063,1.6349341,0.349020899,905,58,170,19,Ver Low,20.06920415,Normal
218,U008,479041,36.7105,783.20135,0.193145484,3.331652,0.858104972,929,58,170,19,Ver Low,20.06920415,Normal
219,U008,479020,36.7105,783.20135,0,1.5213882,4.028091664,929,58,170,12,Ver Low,20.06920415,Normal
220,U008,1059455,72.78988,1611.8434,0.061459322,2.6791759,0.302396775,2004,58,170,12,Ver Low,20.06920415,Normal
221,U008,1059422,72.78988,1611.8434,0.095507413,1.5275383,0.644615467,2004,58,170,10,Ver Low,20.06920415,Normal
222,U008,2602302,180.14758,3975.1167,0.033767965,4.2892265,0.34095411,5054,58,170,10,Below Normal,20.06920415,Normal
223,U008,2602242,180.14758,3975.1167,0.182840377,1.6016581,5.244160524,5054,58,170,19,Below Normal,20.06920415,Normal
224,U008,815508,60.529453,1306.1658,0.256590426,4.7235694,0.373245083,1571,58,170,19,Ver Low,20.06920415,Normal
225,U008,815483,60.529453,1306.1658,0.259074032,1.7206804,0.585912147,1571,58,170,25,Ver Low,20.06920415,Normal
226,U008,372395,30.701595,640.7745,0.264705807,3.1621253,0.595379864,736,58,170,25,Ver Low,20.06920415,Normal
227,U009,372372,30.701595,640.7745,0.277962506,1.7869004,1.325769138,736,58,170,24,Ver Low,20.06920415,Normal
228,U009,803585,67.00855,1435.927,0.269038439,5.415772,0.420346505,1673,58,170,24,Ver Low,20.06920415,Normal
229,U009,803550,67.00855,1435.927,0.298931569,1.7444823,1.021211527,1673,58,170,16,Ver Low,20.06920415,Normal
230,U009,453102,38.392925,790.42914,0.138921887,3.8046427,0.698601829,919,58,170,16,Ver Low,20.06920415,Normal
231,U009,453079,38.392925,790.42914,0.311369032,1.6580828,0.747123027,919,58,170,37,Ver Low,20.06920415,Normal
232,U009,589309,48.329964,977.12354,0.158700675,6.8537903,12.83116711,1063,58,170,37,Ver Low,20.06920415,Normal
233,U009,589279,48.329964,977.12354,0.250470102,1.4969972,0.46183829,1063,58,170,2,Ver Low,20.06920415,Normal
234,U009,499360,34.79899,747.5405,0.250470102,3.6970947,2.80239709,912,58,170,2,Ver Low,20.06920415,Normal
235,U009,499331,34.79899,747.5405,0.095257469,1.7524158,0.954199095,912,58,170,47,Ver Low,20.06920415,Normal
236,U009,824436,70.46587,1444.7559,0.260103583,3.9275835,0.311369032,1604,58,170,47,Ver Low,20.06920415,Normal
237,U009,824396,70.46587,1444.7559,0.550139352,1.5753087,0.902412173,1604,58,170,23,Ver Low,20.06920415,Normal
238,U009,306254,22.69694,482.4451,0.251410067,3.1876884,0.827167148,570,58,170,23,Ver Low,20.06920415,Normal
239,U009,306240,22.69694,482.4451,0.160229042,1.7243457,0.47562389,570,58,170,45,Ver Low,20.06920415,Normal
240,U009,1145237,91.19758,1974.7852,0.19930011,5.929543,0.723071195,2293,58,170,45,Ver Low,20.06920415,Normal
241,U010,1145195,91.19758,1974.7852,0.250470102,1.7992525,0.616186632,2293,58,170,44,Ver Low,20.06920415,Normal
242,U010,717005,60.433052,1290.0745,0.249381199,5.5049453,0.260103583,1452,58,170,44,Ver Low,20.06920415,Normal
243,U010,716968,60.433052,1290.0745,0.260103583,1.5268743,0.251410067,1452,58,170,11,Ver Low,20.06920415,Normal
244,U010,475506,33.90814,726.0387,0.269737035,3.8660932,0.816590865,879,58,170,11,Ver Low,20.06920415,Normal
245,U010,475481,33.90814,726.0387,0.550139352,1.7394094,0.779576468,879,58,170,97,Ver Low,20.06920415,Normal
246,U010,1407980,114.42059,2449.0547,0.267819852,4.6458306,0.569346394,2785,58,170,97,Ver Low,20.06920415,Normal
247,U010,1407933,114.42059,2449.0547,0.206272766,1.7335321,1.194971585,2785,58,170,26,Ver Low,20.06920415,Normal
248,U010,602629,48.535294,1044.677,0.26128158,5.9947934,0.724418104,1212,58,170,26,Ver Low,20.06920415,Normal
249,U010,602600,48.535294,1044.677,0.250470102,1.654808,1.48498086,1212,58,170,21,Ver Low,20.06920415,Normal
250,U010,553794,44.4431,916.4236,0.250470102,1.7289389,0.260103583,1053,58,170,,Ver Low,20.06920415,Normal
